{
  "64": {
    "fid": 151.51618141695485,
    "mse": 526.794921875
  }
}