{
  "128": {
    "fid": 111.05367344799225,
    "mse": 320.6452693989873
  }
}