{
  "512": {
    "fid": 36.82422577095667,
    "mse": 90.22491818927229
  }
}