{
  "1024": {
    "fid": 32.53227103663113,
    "mse": 81.8783950805664
  }
}