{
  "128": {
    "fid": 88.5146079254265,
    "mse": 298.8702392578125
  }
}