{
  "384": {
    "fid": 50.24584304825214,
    "mse": 117.59322357177734
  }
}