{
  "64": {
    "fid": 120.83368555200366,
    "mse": 495.2213439941406
  }
}