{
  "512": {
    "fid": 36.82405824362547,
    "mse": 90.02174377441406
  }
}