{
  "384": {
    "fid": 38.20947471038744,
    "mse": 103.56398010253906
  }
}