{
  "128": {
    "fid": 116.17925937835423,
    "mse": 322.2784729003906
  }
}