{
  "384": {
    "fid": 51.542429819434915,
    "mse": 112.68993818990886
  }
}