{
  "1024": {
    "fid": 30.367897091289706,
    "mse": 77.04204669188708
  }
}