{
  "64": {
    "fid": 143.42358458727318,
    "mse": 519.8591241558642
  }
}