{
  "256": {
    "fid": 78.40791801770882,
    "mse": 172.73903751108796
  }
}