{
  "512": {
    "fid": 28.40352593962683,
    "mse": 75.91292572021484
  }
}