{
  "256": {
    "fid": 60.943338156259415,
    "mse": 158.5111541748047
  }
}