{
  "1024": {
    "fid": 21.865255803839716,
    "mse": 63.1207160949707
  }
}