{
  "256": {
    "fid": 78.20503615969488,
    "mse": 173.25515747070312
  }
}