{
  "384": {
    "fid": 413.2299408066683,
    "is": 1.0520990806675843,
    "ae_fid": 30.5055717238983
  }
}