{
  "256": {
    "fid": 501.95668243311786,
    "is": 1.0870259420918262,
    "ae_fid": 50.13525510992423
  }
}