{
  "128": {
    "fid": 400.26873230813044,
    "is": 1.0123146460598476,
    "ae_fid": 83.76457317442424
  }
}