{
  "64": {
    "fid": 323.23505960890134,
    "is": 1.0342360288618697,
    "ae_fid": 115.57853319450714
  }
}